CODIGO;DESCRICAO;CUSTO;VENDA;CATEGORIA
7768;FANTA GUARANA PET 200ML;1.300;1.890;BEBIDAS
020690;SUCO YOKI MARACUJA 300G;71.760;1.100;BEBIDAS
038456;CHA MATTE LEAO TOSTADO 250G;5.990;8.690;BEBIDAS
530001;AGUA MIN CRYSTAL S/GAS 500ML;1.240;1.950;BEBIDAS
15432;SUCO MAGUARY MARACUJA 500ML;8.907;12.590;BEBIDAS
15691;GUAR ANTARCTICA 2L;6.100;7.890;BEBIDAS
15716;COCA COLA PET 2L;5.123;10.290;BEBIDAS
15721;FANTA LARANJA PET 2L;6.330;8.390;BEBIDAS
000197;CHA MATE REAL NATURAL 250G;7.790;7.790;BEBIDAS
055555;CHA MATE REAL BAGS PESSEGO 32G;2.856;4.150;BEBIDAS
066667;CHA MATE REAL BAGS CANELA 32G;2.856;4.150;BEBIDAS
0111107;CHA MATE REAL LIMAO 32G;2.856;4.150;BEBIDAS
099993;CHA MATE REAL BAGS NATURAL 32G;2.856;4.150;BEBIDAS
531008;AGUA MIN CRYSTAL C/GAS 500ML;1.390;2.250;BEBIDAS
21032;PARANAENSE GUARANA 2LT;6.255;7.990;BEBIDAS
21162;PARANAENSE ABACAXI 2L;6.255;7.990;BEBIDAS
633397;NECTAR PURITY PESSEGO 1L;4.302;7.590;BEBIDAS
7896855907501;SUCO DE UVA PERGOLA 1L;9.430;14.950;BEBIDAS
7897001050096;NECTAR PURITY UVA  E MACA  1L -;4.302;7.590;BEBIDAS
231551545;SUCO DE UVA GARIBALDI INTEGRAL 1,5L;10.350;16.990;BEBIDAS
325151454;SUCO DE UVA GARIBALDI INTEGRAL 500ML;4.650;7.250;BEBIDAS
020676;SUCO YOKI LIMAO 300G;2.990;1.100;BEBIDAS
020706;SUCO YOKI TANGERINA 300G;2.990;1.100;BEBIDAS
020713;SUCO YOKI 300G;2.990;1.100;BEBIDAS
020669;SUCO YOKI ABACAXI 300G;2.990;1.100;BEBIDAS
020614;SUCO YOKI  300G;2.990;1.100;BEBIDAS
501829;SUCO DE UVA ALIANCA 1,5L;12.990;18.890;BEBIDAS
7891098;CHA LEAO CAMOMILA 10G;3.327;5.350;BEBIDAS
000449;CHA MATE REAL TANGERINA 32GR;2.856;4.150;BEBIDAS
516569;SUCO PIKO ABACAXI 250G;2.848;4.550;BEBIDAS
516514;SUCO PIKO LARANJA 250G;2.848;4.550;BEBIDAS
78936478;FANTA LARANJA PET 200ML;1.300;1.890;BEBIDAS
030072;NECTAR SUFRESH TP UVA 1LT;4.570;6.490;BEBIDAS
501336;SUCO PIKO ABACAXI 1KG;4.784;7.450;BEBIDAS
039061;COMBO COCA COLA+FTA LAR PET 2L LV+PG-;9.380;15.950;BEBIDAS
611076;SUCO DE UVA DEL VALLE 100% UVA VD 1,5L;12.983;18.790;BEBIDAS
027013;COCA COLA PET 2LTS N;8.220;10.290;BEBIDAS
027020;COCA COLA ORIGINAL PET 2,5L;7.820;10.190;BEBIDAS
571724;SUCO TANG MORANGO 18G;0.770;1.190;BEBIDAS
516316;SUCO APTI LARANJA FAMILIA 170G;2.732;4.350;BEBIDAS
516323;SUCO APTI TANGERINA FAMILIA 170G;2.732;4.350;BEBIDAS
516330;SUCO APTI LIMAO FAMILIA 170G;2.732;4.350;BEBIDAS
516361;SUCO APTI ABACAXI FAMILIA 170G;2.732;4.350;BEBIDAS
024445;CHA REAL MULTIERVAS CAMOM//MEL 10G;2.806;4.450;BEBIDAS
008844;SUCO TRINK ABACAXI 15G;0.590;0.890;BEBIDAS
10207;DETERG YPE NEUTRO 500ML;1.990;2.790;MAT. LIMPEZA
11352;ESPONJA ESFREBOM DUPLA FACE 1UN;0.990;1.450;MAT. LIMPEZA
704618;CASA E PERFUME SENSUALIDAD 500ML;3.790;5.650;MAT. LIMPEZA
215687;ESPONJA ACO BOMBRIL ECO 60G;3.290;2.990;MAT. LIMPEZA
15041;LUSTRA MOVEIS POLIFLOR LAV 200ML;6.990;10.850;MAT. LIMPEZA
15139;ALVEJ QBOA 2L;4.378;7.790;MAT. LIMPEZA
15220;DETERG LIMPOL CRISTAL 500ML;1.763;2.690;MAT. LIMPEZA
15223;DETERG LIMPOL NEUTRO 500ML;1.583;2.690;MAT. LIMPEZA
15232;DETERG YPE CLEAR 500ML;2.055;2.790;MAT. LIMPEZA
15244;ESPONJA SCOTCH BRITE 1UN;1.890;2.950;MAT. LIMPEZA
15302;VEJA MULTIUSO CAMPESTRE 500ML;3.690;5.790;MAT. LIMPEZA
898989;ESPONJA ESFREBOM LV4PG3;2.990;4.490;MAT. LIMPEZA
930147;FLANELA STA MARGARIDA;2.521;3.450;MAT. LIMPEZA
333338;LUVAS LATEX SANRO PLUS LAR 1PAR M;5.690;8.790;MAT. LIMPEZA
028931;ESPONJA SCOTCH BRITE 3M;3.510;5.250;MAT. LIMPEZA
18941;VASSOURA CONDOR VARRE FACIL V35;8.730;13.950;MAT. LIMPEZA
303021;SABAO ALPES PED COCO 1KG;9.250;14.200;MAT. LIMPEZA
333333;DESINF CLEAN EUCALIPTO 2L;3.260;5.290;MAT. LIMPEZA
11215141;LUVAS LATEX SANRO STANDARD DUPLA FACE M 1PAR;4.760;9.950;MAT. LIMPEZA
30220120;LUVAS LATEX SANRO STANDARD DUPLA FACE G 1PAR;6.390;10.250;MAT. LIMPEZA
822266;SACOS P/LIXO POK LIXO 30LT 10UN;1.541;2.990;MAT. LIMPEZA
21859;SABAO TIXAN YPE PRIMAVERA 1KG;5.590;10.090;MAT. LIMPEZA
33656457;VASSOURA NOVICA;7.380;12.990;MAT. LIMPEZA
634388;CASA E PERFUME SPECIALE 500ML;3.894;5.650;MAT. LIMPEZA
634447;SACO DE ALGODAO ALVEJADO 50X80CM;8.000;12.390;MAT. LIMPEZA
822310;SACOS P/LIXO POK REFORCADO 5UN 100LT;2.313;4.690;MAT. LIMPEZA
822334;SACOS P/LIXO POK RL 25UN 30LTS;3.520;6.290;MAT. LIMPEZA
7896040704632;CASA E PERFUME BELA FLORE 500ML;3.894;5.650;MAT. LIMPEZA
822358;SACOS P/LIXO POK ROLINHO 15UN 100LTS;3.450;5.990;MAT. LIMPEZA
555223;VASSOURA DE PALHA;18.750;29.900;MAT. LIMPEZA
822303;SACOS P/LIXO POK REFORCADO 10UN 50LTS;2.760;4.690;MAT. LIMPEZA
326221545;SABAO URCA MAXX 1KG;4.490;6.290;MAT. LIMPEZA
22578787;SABAO TIXAN YPE MACIEZ 500G;3.070;5.250;MAT. LIMPEZA
2215144;LUVAS LATEX SANRO PLUS LAR 1PAR P;6.000;10.250;MAT. LIMPEZA
904664;AGUA SANITARIA YPE 5L;12.811;19.890;MAT. LIMPEZA
33236261;ESC LV ROUP CONDOR REF16;1.990;3.200;MAT. LIMPEZA
61151545;LIMPADOR PERF FACILLE ENCANTO FLORAL 1L;3.922;6.790;MAT. LIMPEZA
822259;SACOS P/LIXO POK LIXO 15LT 20UN;1.541;2.990;MAT. LIMPEZA
822273;SACOS P/LIXO POK LIXO 50LT 10UN;1.725;2.990;MAT. LIMPEZA
822280;SACOS P/LIXO POK LIXO 100LT 05UN;1.725;2.990;MAT. LIMPEZA
228401;ESPONJA MULTIUSO CONDOR;0.890;1.450;MAT. LIMPEZA
800113;LIMPA PEDRA PEDREX 2L;11.827;20.300;MAT. LIMPEZA
905203;DETERG YPE NEUTRO 5LTS;10.303;26.650;MAT. LIMPEZA
931786;SACO DE ALGODAO XADREZ;3.000;4.290;MAT. LIMPEZA
200303;QUEROSENE DA ILHA 900ML;15.990;22.990;MAT. LIMPEZA
457850;LIMP PERF UAU FLOR E SONHOS 1LT;5.094;7.390;MAT. LIMPEZA
501740;SACOS P/LIXO LOCATELLI 50L;2.150;3.150;MAT. LIMPEZA
501726;SACOS P/LIXO LOCATELLI 15L;2.150;3.150;MAT. LIMPEZA
501870;SACOS P/LIXO LOCATELLI RL 100L;4.600;6.890;MAT. LIMPEZA
105007;ESPONJA MULTIUSO ASSOLAN;0.477;0.890;MAT. LIMPEZA
101478;PINHO BRIL BRISA DO MAR 1L;6.290;9.650;MAT. LIMPEZA
080049;PINHO BRIL PLUS SILVESTRE 1LT;6.290;9.650;MAT. LIMPEZA
800207;VEJA VIDREX SQUEEZE LV500/PG400ML;4.990;7.990;MAT. LIMPEZA
106158;LUVAS LATEX SANRO SOFT VERDE 1PAR M;4.760;10.250;MAT. LIMPEZA
904732;AGUA SANITARIA YPE LV2LPG1,8LT;5.124;7.390;MAT. LIMPEZA
800247;AGUA SANIT QBOA 5L;3.147;17.790;MAT. LIMPEZA
500309;LUSTRA MOVEIS PEROBA FLORES CAMPO 200ML;4.290;6.690;MAT. LIMPEZA
706247;CASA E PERFUME MISTERO DI AMORE 500ML;3.790;5.650;MAT. LIMPEZA
500286;LUSTRA MOVEIS PEROBA LAVANDA 200ML;4.290;6.690;MAT. LIMPEZA
013861;GLADE AERO LAVANDA 360ML;10.992;16.990;MAT. LIMPEZA
457195;LIMP PERF UAU BRISA/FRESCOR 1LT;5.094;7.390;MAT. LIMPEZA
221581;LIMPA VIDROS UAU BLINDEX REFIL 500ML;6.991;10.200;MAT. LIMPEZA
457324;LIMP PERF UAU FL VERM/SEDUCAO 1LT;5.094;7.390;MAT. LIMPEZA
000551;LUVA ESFREBOM M USO MEDIA;3.496;5.590;MAT. LIMPEZA
222476;ESPONJA SCOTCH BRITE LV4PG3;6.450;6.450;MAT. LIMPEZA
325618;BOM AR AERO JASMIM 360ML;9.885;16.990;MAT. LIMPEZA
325595;BOM AR AERO LAVANDA 360ML;12.099;16.990;MAT. LIMPEZA
601256;DESINF GIRANDO SOL PINHO 500ML;1.886;3.150;MAT. LIMPEZA
600204;DESINF GIRANDO SOL TALCO 500ML;1.886;3.150;MAT. LIMPEZA
600501;DESINF GIRANDO SOL PINHO 2LT;4.747;7.450;MAT. LIMPEZA
600587;DETERG GIRANDO SOL NATURAL 500ML;2.390;2.390;MAT. LIMPEZA
600655;DETERG GIRANDO SOL NEUTRO 500ML;1.318;2.390;MAT. LIMPEZA
604387;DETERG GIRANDO SOL GLICERINA 500ML;0.914;2.390;MAT. LIMPEZA
605490;AGUA SANIT GIRANDO SOL TRAD 2LT;3.830;6.250;MAT. LIMPEZA
066571;SABAO BRILHANTE PO BCA/COLOR SC 800G;7.990;9.990;MAT. LIMPEZA
066588;SABAO PO BRILHANTE LIMP TOTAL SC 1,6KG;14.505;21.650;MAT. LIMPEZA
600259;DESINF GIRANDO SOL JASMIM 2LT;4.747;7.450;MAT. LIMPEZA
600716;DETERG GIRANDO SOL NEUTRO 5LT;13.260;22.790;MAT. LIMPEZA
605483;AGUA SANIT GIRANDO SOL TRAD 1LT;2.002;3.850;MAT. LIMPEZA
606657;SABAO PO GIRANDO SOL VERDE SC 1KG;3.505;7.990;MAT. LIMPEZA
601270;DESINF GIRANDO SOL JASMIM 500ML;2.143;3.150;MAT. LIMPEZA
804115;PINHO ALPES TRAD 5LT;7.125;11.590;MAT. LIMPEZA
510043;DESINF BATUTA OCEANO 2LT;4.491;9.990;MAT. LIMPEZA
822297;SACOS P/LIXO KLIM CARGO 5UN 100LTS;2.852;4.890;MAT. LIMPEZA
704205;LIMPA PEDRA PISO BRUTO SAIF 1LT;8.890;15.200;MAT. LIMPEZA
299614;ESPONJA SCOTCH BRITE C/4UN;4.500;6.450;MAT. LIMPEZA
030081;ALCOOL COCAMAR LIQ 70% 1LT;5.475;8.490;MAT. LIMPEZA
221505;LIMPA VIDROS UAU BLINDEX 500ML;5.491;7.950;MAT. LIMPEZA
991134;BOM AR AERO SENSE  ROMANCE 360ML;12.099;16.990;MAT. LIMPEZA
066779;SAN PO SURF FLOR DE LIS SCH 800G;5.790;8.990;MAT. LIMPEZA
066809;SAN PO SURF COCO SC 800G;5.790;8.990;MAT. LIMPEZA
518809;SACOS P/LIXO LOCATELLI 150LTS;4.070;5.690;MAT. LIMPEZA
518854;SACOS P/LIXO LOCATELLI 200LTS;3.520;5.990;MAT. LIMPEZA
940420;ESCOVA SANIT BRIZZI BLACK GOLD C/SUP;8.990;8.990;MAT. LIMPEZA
712673;ALCOOL GEL ASSEPTGEL PUMP 70 INPM 420g;7.240;11.350;MAT. LIMPEZA
040724;VASSOURA BETTANIN JEITOSA;7.750;7.750;MAT. LIMPEZA
605506;AGUA SANIT GIRANDO SOL TRAD 5LT;8.456;14.200;MAT. LIMPEZA
535565;ESC ROUPAS BRIZZI OVAL PLASTICO;2.550;4.200;MAT. LIMPEZA
095352;ALCOOL TUPI 70 INPM 1L;5.990;9.290;MAT. LIMPEZA
797865;ESP LIMP STARLUX MULTIUSO;0.648;0.890;MAT. LIMPEZA
505684;DESINF URCA FLOR LAVANDA 2LT;3.770;5.990;MAT. LIMPEZA
401549;DESINF URCA LAVANDA 2LT;3.808;5.990;MAT. LIMPEZA
840543;VASSOURA BRIZZI FREVO BLACK GOLD;8.290;12.790;MAT. LIMPEZA
826342;DETERG AZULIM CITRUS 500ML;1.004;1.790;MAT. LIMPEZA
822108;DETERG AZULIM CLEAR 500ML;1.004;1.790;MAT. LIMPEZA
832690;DETERG AZULIM COCO 500ML;1.004;1.790;MAT. LIMPEZA
826328;DETERG AZULIM NEUTRO 500ML;1.004;1.790;MAT. LIMPEZA
801370;LIMPA PEDRA PEDREX 5L;24.680;42.790;MAT. LIMPEZA
118117;SABAO PO ASSIM TRIPLACAO SC 900G;4.650;6.390;MAT. LIMPEZA
07678;SABAO PO GIRANDO SOL AZUL SC 800GR;4.250;6.990;MAT. LIMPEZA
607685;SABAO PO GIRANDO SOL HIPOALERG SC 800GR;4.250;6.990;MAT. LIMPEZA
607692;SABAO PO GIRANDO SOL ROSA SC 800GR;4.250;6.990;MAT. LIMPEZA
940727;SACOS P/LIXO BRIZZI ROL 30L C/30UN;7.993;10.490;MAT. LIMPEZA
940734;SACOS P/LIXO BRIZZI ROL 50L 30UN;7.993;12.990;MAT. LIMPEZA
799562;VASSOURA STARLUX MULTIUSO SINT C/CABO;11.799;14.590;MAT. LIMPEZA
905906;SABAO PED YPE NEUTRO 900G;19.236;11.990;MAT. LIMPEZA
402322;LAVA ROUP PO ASSIM ANTIBAC 800G;6.385;8.990;MAT. LIMPEZA
861044;SAPOLIO RADIUM CREM CLASSICO 250ML;7.324;9.750;MAT. LIMPEZA
049055;PANO ESFREBOM MULTIUSO C/5 UN;3.990;6.150;MAT. LIMPEZA
600101;ESPONJA L ACO ASSOLAN 8UN;1.070;2.290;MAT. LIMPEZA
662163;ALCOOL LIQ ARAUCARIA HID 70 1LT;4.590;7.490;MAT. LIMPEZA
940703;SACOS P/LIXO BRIZZI ROL 105L C/15;8.803;14.350;MAT. LIMPEZA
201719;SACO COLOR ESP PANOSUL 58X78CM;4.856;7.690;MAT. LIMPEZA
607616;LAVA ROUP PO GIRANDO SOL AZUL SC 1,6KG;8.765;12.990;MAT. LIMPEZA
861051;SAPOLIO RADIUM CREM LIMAO 250ML;6.294;9.750;MAT. LIMPEZA
915014;FLANELA STA MARGARIDA 28X38CM;1.100;1.790;MAT. LIMPEZA
036193;PURIF PURO AR AERO LAVANDA 350ML;6.996;10.890;MAT. LIMPEZA
036223;PURIF AR PURO AR AER CAPIM LIMAO 350ML;6.996;10.690;MAT. LIMPEZA
036216;PURIF AR PURO AR AER PETALAS ROSAS 350ML;6.996;10.890;MAT. LIMPEZA
036209;PURIF AR PURO AR AER TALCO 350ML;6.996;10.890;MAT. LIMPEZA
625464;SACOS P/LIXO MAIS LEVE 10RL 30L;3.290;4.500;MAT. LIMPEZA
937516;SACOS P/LIXO MAIS LEVE 30RL 50LT;5.560;5.750;MAT. LIMPEZA
625471;SACOS P/LIXO MAIS LEVE 10RL 50LT;3.690;3.850;MAT. LIMPEZA
625488;SACOS P/LIXO MAIS LEVE 100L RL5UN;3.690;3.850;MAT. LIMPEZA
840420;ESC SANIT BRIZZI BLACK GOLD C/SUP;6.242;9.890;MAT. LIMPEZA
607876;SAPONACEO CREM GIRANDO SOL ORIG 300ML;3.946;6.550;MAT. LIMPEZA
000544;LUVA ESFREBOM LATEX M USO G;3.496;5.590;MAT. LIMPEZA
086821;SABAO PO SURF CUID COCO 5EM1 1,6KG;14.390;17.290;MAT. LIMPEZA
147269;INSET PROINSETO 300ML+100ML GTS;5.300;8.150;MAT. LIMPEZA
401067;DESINF SANOL ORIGINAL 2LTS;4.830;7.490;MAT. LIMPEZA
312589;DESINF SANOL FLORES E FRUTAS 2L;4.830;7.490;MAT. LIMPEZA
302436;DESINF SANOL INFUSAO DE ROSAS 2L;4.830;7.490;MAT. LIMPEZA
553407;BOM AR AERO FLOR DE ALGODAO 360ML;12.099;16.990;MAT. LIMPEZA
399641;SACOS P/LIXO RODOVAS AZUL 15L;2.820;4.250;MAT. LIMPEZA
399658;SACOS P/LIXO RODOVAS AZUL 30L;2.820;4.250;MAT. LIMPEZA
399665;SACOS P/LIXO RODOVAS AZUL 50L;2.820;4.250;MAT. LIMPEZA
399672;SACOS P/LIXO RODOVAS AZUL 100L;2.820;3.990;MAT. LIMPEZA
396763;SACOS P/LIXO RODOVAS PRETO 15L;2.820;4.250;MAT. LIMPEZA
396756;SACOS P/LIXO RODOVAS PRETO 30L;2.820;3.990;MAT. LIMPEZA
396749;SACOS P/LIXO RODOVAS PRETO 50L;2.820;3.990;MAT. LIMPEZA
419443;ALCOOL LIQ SUPER VALE HID 70% 1LT;4.890;7.590;MAT. LIMPEZA
086814;SABAO PO SURF ROSAS/FLOR DE LIZ 5EM1 1,6KG;14.240;17.290;MAT. LIMPEZA
396732;SACOS P/LIXO RODOVAS PRETO 100L;2.820;3.990;MAT. LIMPEZA
313159;DESINF SANOL EXTR NAT HORT/SALVIA 2LT;4.950;7.490;MAT. LIMPEZA
313166;DESINF SANOL EXTR NAT CAPIM LIMAO 2LT;4.950;7.490;MAT. LIMPEZA
301012;DESINF SANOL PINHO ORIGINAL 500ML;2.430;3.850;MAT. LIMPEZA
13931;PAPEL HIG PALOMA NEUTRO 4RL30MT;2.142;3.390;HIGIENE E BELEZA
134702;CR DENTAL COLGATE MAX PROT ANT 90G;3.190;4.290;HIGIENE E BELEZA
18383;PAPEL HIG DUETTO NEUTRO FD 4RL 30M;5.290;7.850;HIGIENE E BELEZA
008653;PAPEL HIG PERSONAL VIP NEU 30MT LV12 PG11;15.585;19.850;HIGIENE E BELEZA
7897042005024;CR TRAT SKALA COQUETEL FRUT 1KG N;6.440;10.990;HIGIENE E BELEZA
151541544;ABS SYM SUAVE C/AB L8 P7;2.430;3.550;HIGIENE E BELEZA
118823;APAR BARBEAR PROBAK II;2.660;2.150;HIGIENE E BELEZA
803004;ESC DENTAL CONDOR + ESC INF GTS;1.990;2.990;HIGIENE E BELEZA
029498;CR DENTAL SORRISO TRIPLA LIMP COMP 70G;1.750;2.590;HIGIENE E BELEZA
800709;PAPEL HIG DUETTO NEUTRO FD 12RL 30MT;12.950;19.990;HIGIENE E BELEZA
407556;PAPEL HIG BOB NEUTRO 6X12 30M;11.790;11.790;HIGIENE E BELEZA
013814;KIT SKALA SH/COND EXPERT 325ML;9.890;15.990;HIGIENE E BELEZA
800860;PAPEL HIG DUETTO PERF FD 12RL 30MT;12.950;19.990;HIGIENE E BELEZA
915307;PAPEL HIG SUBLIME NEUTRO PG11 LV12;6.990;10.650;HIGIENE E BELEZA
800822;PAPEL HIG PALOMA NEUTRO 30MT LV16PG15;9.590;13.890;HIGIENE E BELEZA
117462;SAB FRANCIS ENER ORQUIDEA 85G;1.430;2.690;HIGIENE E BELEZA
117486;SAB FRANCIS RELAX GARDENIA 85G;1.430;2.690;HIGIENE E BELEZA
510036;DESINF BATUTA LAVANDA 2LTS;4.491;7.990;HIGIENE E BELEZA
300038;SAB LIQ ECOREFIL MOR/DAMASCO 700ML;5.790;8.590;HIGIENE E BELEZA
015453;SAB LIQ BIOFIORI COCO 1LT;7.900;11.750;HIGIENE E BELEZA
016419;KIT SKALA SH/COND CRESPINHO 325ML;15.790;15.990;HIGIENE E BELEZA
162742;COND BARUEL BABY INF SV 210ML;9.894;15.990;HIGIENE E BELEZA
0010731;PAPEL HIG PERSONAL VIP C/12 20M;1.559;13.290;HIGIENE E BELEZA
800990;PAPEL HIG DUETTO VELVET FD 12RL 30MT;14.790;19.990;HIGIENE E BELEZA
093451;PAPEL HIG CHARME NEUTRO FD 12UN 30MT;1.916;16.750;HIGIENE E BELEZA
017904;KIT SH/COND SKALA KIDS AMIDINHO DE MILHO 325ML;15.790;16.690;HIGIENE E BELEZA
365455;PAPEL HIG TROPICOS LV12PG11 30MTS;7.197;10.250;HIGIENE E BELEZA
007849;MAC ITALY CASEIRO OVOS PREMIUM N3 400G;3.996;5.790;HIGIENE E BELEZA
801225;PAPEL HIG STYLUS NEUTRO FS 12RL 20MT;7.742;12.990;HIGIENE E BELEZA
930043;TOALHA UMED ISABABY PRIM 100DIAS LV100PG90;8.670;10.650;HIGIENE E BELEZA
992371;PAPEL HIG BIANCO FL 12RL 30MT;11.790;14.990;HIGIENE E BELEZA
004795;GAS DE COZINHA 13KG;1.365.000;129.000;DIVERSOS
0326555;GUARD SNOB 33X30CM 50UN;0.264;4.650;DIVERSOS
11000121;BATERIA RAYOVAC ALCALINA SM 9V;15.050;23.990;DIVERSOS
633744;BATERIA EVEREADY GOLD ALCA 9V 1UN;9.052;17.490;DIVERSOS
633872;FILTRO DE PAPEL BRIGITTA 103;3.190;4.650;DIVERSOS
633873;FILTRO PAPEL MELITTA 103 30UN;3.090;4.550;DIVERSOS
634411;FOSFORO PARANA 40UN;1.890;3.590;DIVERSOS
7896110083254;GUARD SANTEPEL 24X22CM 50UN;1.490;2.250;DIVERSOS
7896110081250;GUARD SNOB 24X22CM 50UN;0.112;2.650;DIVERSOS
500028;FOLHA ALUMINIO PRATSY 7,5X45;5.190;7.990;DIVERSOS
710018;FILME PVC LUSAFILM 28CMX15M;2.990;6.190;DIVERSOS
800754;PAPEL TOALHA STYLUS 2RL;2.435;4.490;DIVERSOS
850070;GUARDANAPO MAXIM 50UN 23X22CM;0.946;1.850;DIVERSOS
7896026;GUARDANAPO MAXIM 50UN 31X30CM;1.577;2.990;DIVERSOS
145322;GUARDANAPO SCOTT 29X26,2CM 50UN;1.798;3.250;DIVERSOS
863076;PAPEL ALUMINIO LUMIPAM 7,5X45CM;4.796;7.350;DIVERSOS
365356;PAPEL TOALHA TROPICOS 50FLS 2RLS;2.794;4.250;DIVERSOS
572769;FOLHA ALUM BRICOFLEX 45CMX7,5M;3.990;6.990;DIVERSOS
934582;GUARDANAPO KITCHEN FS 50UN;1.839;3.490;DIVERSOS
060652;CARVAO VEGETAL OURO NEGRO 8KG;16.500;23.900;DIVERSOS
926044;PAPEL TOALHA KITCHEN CLASSICA 2RL;3.590;5.200;DIVERSOS
205101;MILHO PIPOCA BEIJA FLOR 500G;3.484;5.450;CEREAIS
909123;MILHO PIPOCA ZAELI 500G;4.732;5.690;CEREAIS
200205;AMENDOIM BRANCO BEIJA FLOR 500G;6.273;9.200;CEREAIS
900122;MILHO PIPOCA CALDO BOM 400G;3.480;5.390;CEREAIS
210600;AMENDOIM BEIJA FLOR TORRADO MET 500G;7.328;12.990;CEREAIS
601813;MILHO PIPOCA PINK PREMIUM 500G;2.209;3.390;CEREAIS
008780;DES SKALA ROL 60ML;4.490;7.350;PERFUMARIA
690208;COTONETE ISABABY BLUE COMFORT CART 75UN;1.866;2.250;PERFUMARIA
960544;IOG FRIMESA NATUR INTEGRAL 165G;1.815;3.050;LATICINIOS E DERIVADOS
960575;CREME LEITE FRIMESA 200G;2.700;4.490;LATICINIOS E DERIVADOS
300080;LEITE STA CLARA SEMI DESNAT 1L;2.880;5.790;LATICINIOS E DERIVADOS
323569;LEITE FRIMESA DESNAT 1L N;4.000;4.890;LATICINIOS E DERIVADOS
362602;LEITE FRIMESA INTEGRAL 1L N;4.000;4.890;LATICINIOS E DERIVADOS
610017;LEITE PARMALAT INTEGRAL 1LT;2.890;4.690;LATICINIOS E DERIVADOS
44952;LEITE STA CLARA INTEGRAL 1L;2.930;5.790;LATICINIOS E DERIVADOS
000085;MUSSARELA;28.500;42.900;LATICINIOS E DERIVADOS
4556458;LEITE COL HOLANDESA INTEGRAL 1L;4.050;4.990;LATICINIOS E DERIVADOS
841480;LEITE PIA INTEGRAL 1L;3.220;3.990;LATICINIOS E DERIVADOS
510402;BEB LAC ELEGE CHOCO 200ML;1.800;2.650;LATICINIOS E DERIVADOS
305078;LEITE STA CLARA INTEGRAL TP 1L;4.020;5.790;LATICINIOS E DERIVADOS
405003;LEITE LIDER INTEGRAL 1LT;3.270;3.590;LATICINIOS E DERIVADOS
510419;BEB LAC ELEGE BOB ESPONJA MGO 200ML;1.800;2.590;LATICINIOS E DERIVADOS
414011;LEITE TERRA VIVA INTEGRAL 1LT;4.150;3.990;LATICINIOS E DERIVADOS
000016;LEITE LATVIDA INTEGRAL TP 1LT;4.100;4.490;LATICINIOS E DERIVADOS
702494;TOALHA CHAO CATARINENSE 54X100CM;3.700;5.890;BAZAR E ARMARINHOS
601718;PILHA EVEREADY SM-PALITO AAA4;4.779;8.490;BAZAR E ARMARINHOS
720013;COPO DESC CRISTALCOPO 50ML 100UN;1.996;3.290;BAZAR E ARMARINHOS
17657;RODO CONDOR 40CM R1125;10.991;16.950;BAZAR E ARMARINHOS
18719;FILTRO PERMANENTE MOKA 103;3.590;6.200;BAZAR E ARMARINHOS
600056;PILHA EVEREADY SM PEQUENA 4 BATERIAS;4.799;7.490;BAZAR E ARMARINHOS
332021544;COPO DESC CRISTALCOPO 180ML 100UN;3.790;6.190;BAZAR E ARMARINHOS
634415;PRENDEDOR ROUP GABOARDI PLAST 12UN;1.604;2.990;BAZAR E ARMARINHOS
66946787;PILHA EVEREADY ALCAL GOLD PALITO AAA2;7.242;7.490;BAZAR E ARMARINHOS
996468477;PILHA EVEREADY ALCALINA GOLD PQ AA2;7.307;10.990;BAZAR E ARMARINHOS
2225005;PORTA FILTRO MELITTA 103 COLORS 1UN;11.750;11.750;BAZAR E ARMARINHOS
7896030;COPO COPOBRAS AGUA DESC TRANS 180ML 100UN;4.312;6.750;BAZAR E ARMARINHOS
686869;PRATO DESC TOTALPLAST N21 10UN;2.180;3.290;BAZAR E ARMARINHOS
140245;COPO DESC TOTALPLAST CHOP 100UN 300ML;3.895;5.850;BAZAR E ARMARINHOS
720051;COPO DESC CRISTALCOPO 180ML;3.990;5.790;BAZAR E ARMARINHOS
218472;TOALHA MAGICA PANOSUL MICROFIBRA 35X35;3.406;5.750;BAZAR E ARMARINHOS
300101;FLANELA 34X50CM;1.843;2.500;BAZAR E ARMARINHOS
7022263;PANO DE PRATO COMUM;2.200;3.590;BAZAR E ARMARINHOS
318938;COPO DESC FONPLAST TRANSP 180ML C/100;5.690;5.690;BAZAR E ARMARINHOS
200165;COADOR DE PANO JANDAIA;3.790;3.790;BAZAR E ARMARINHOS
102009;COPO PLAST COPOSUL 180ML 100UN;3.575;5.950;BAZAR E ARMARINHOS
987362;PANO DE PRATO ATOALHADO;6.900;10.950;BAZAR E ARMARINHOS
569757;GARRAFA TERM TERMOLA LUMIN INOX COBRE 1 8LT;68.890;112.000;BAZAR E ARMARINHOS
535381;PA P/LIXO METAL BRIZZI CABO CURTO;8.590;13.200;BAZAR E ARMARINHOS
564249;BALDE STARLUX P VERM 7,5LTS;9.270;12.390;BAZAR E ARMARINHOS
020341;GARRAFA TERM STARLUX PAMPA PISTACHE 1LT;32.400;48.000;BAZAR E ARMARINHOS
029911;PILHA ENERGIZER MAX AA6;10.402;13.390;BAZAR E ARMARINHOS
291475;COADOR DE CAFE;1.953;3.690;BAZAR E ARMARINHOS
212540;CORDA VARAL TORCIDA STARLUX 10MT;16.180;2.590;BAZAR E ARMARINHOS
940635;RODO BRIZZI PUXA E SECA LUXO 30CM;7.990;11.990;BAZAR E ARMARINHOS
940642;RODO PUXA E SECA BRIZZI LUXO 40CM;8.890;13.350;BAZAR E ARMARINHOS
145054;PAPEL TOALHA MESA D'ORO 50FL;3.285;4.490;BAZAR E ARMARINHOS
564232;BALDE STARLUX UD AZUL 13,5LTS;16.670;21.500;BAZAR E ARMARINHOS
176027;RODO PRATIC CASA SEKE FACIL 32CM;7.790;11.990;BAZAR E ARMARINHOS
226385;SACO XADREZ BIGODE 50X80CM;3.000;4.790;BAZAR E ARMARINHOS
226386;PANO XADREZ PANOSUL 60X68CM;4.027;6.400;BAZAR E ARMARINHOS
200521;PANO DE PRATO C/EST MD 45X65CM;2.692;4.850;BAZAR E ARMARINHOS
703521;RODO PLAST STA MARIA 40CM;12.494;19.200;BAZAR E ARMARINHOS
840642;RODO BRIZZI PUXA E SECA LUXO 40CM;8.654;10.990;BAZAR E ARMARINHOS
280492;PANO MICROFIBRA MARTIMPANOS;6.500;10.990;BAZAR E ARMARINHOS
050344;GARFO PLAST PRA FESTA BIO MESA BCO 50UN;4.790;7.190;BAZAR E ARMARINHOS
011407;DUCHA CORONA SS 3T 220V 5200W;32.300;46.800;BAZAR E ARMARINHOS
720020;COPO DESC CRISTALCOPO 50ML 100 UND;2.003;3.290;BAZAR E ARMARINHOS
020021;MANTA KING CORTTEX CASTOR HOME DESIGN 2,20X2,40;59.900;59.900;BAZAR E ARMARINHOS
915399;MANTA CASAL CORTTEX HOME DESIGN 1,80X2,20;49.900;49.900;BAZAR E ARMARINHOS
496350;RODO LIMPA PISO RODOVAS CB PLAST;9.330;14.500;BAZAR E ARMARINHOS
390051;RODO ESP RODOVAS S/BORRACHA;7.810;12.490;BAZAR E ARMARINHOS
215151;CARNE B  SETE DO MEIO;0.000;24.900;ACOUGUE
578484;CARNE B  MOIDA 2;0.000;17.990;ACOUGUE
000001;CARNE B  ACEM;10.500;18.900;ACOUGUE
000022;CARNE B  COXAO MOLE;18.600;36.900;ACOUGUE
000024;CARNE B  PATINHO;22.700;35.900;ACOUGUE
000025;CARNE B  MUSCULO S/OSSO;19.000;21.900;ACOUGUE
000026;CARNE B  MUSCULO C/OSSO;0.000;14.900;ACOUGUE
000027;CARNE B  SETE OSSO REDONDO;0.000;25.900;ACOUGUE
000029;CARNE B  COSTELA RIPA;15.700;19.290;ACOUGUE
000032;CARNE B  PONTA DE ACEM;0.000;13.900;ACOUGUE
232314041;CARNE B  ACEM S/OSSO;10.800;36.900;ACOUGUE
7896327501152;MARIA MOLE APTI COCO 50G;3.467;3.650;SOBREMESA
100336;GOIABADA VAL TAB 300G;2.290;3.550;SOBREMESA
047115;GELADINHO FRUIT MAIS 40UN;4.955;7.390;SOBREMESA
12168;CHOCO PO ZAELI PCT 500G;12.989;20.200;ENLATADOS
630773;ACHOC NESCAU 2 0 400G;4.590;7.290;ENLATADOS
631813;ACHOC PO APTI 400G;3.467;5.890;ENLATADOS
633949;EXT FUGINI TP 300G;1.675;2.950;ENLATADOS
546310;MILHO VERDE SACHE FUGINI 300GR;1.536;2.390;ENLATADOS
206338;EXT TOM FUGINI UP 190G;1.358;2.450;ENLATADOS
500608;MILHO VERDE QUERO 280G;4.200;5.650;ENLATADOS
500530;SELETA LEGUMES QUERO 170 GR;3.220;4.650;ENLATADOS
299058;MILHO VERDE STELLA DORO LT 170GR;2.628;4.090;ENLATADOS
343702;MILHO VERDE SOFRUTA LT 170G;2.455;3.690;ENLATADOS
209544;MILHO VERDE FUGINI 170G;2.978;3.090;ENLATADOS
343719;ERVILHA SOFRUTA LT 170G;1.990;3.090;ENLATADOS
700492;PALMITO AGROLEVE TOLETE VD 300G;10.650;14.990;ENLATADOS
452175;ACHOC NESCAU NESTLE 370G;6.409;10.590;ENLATADOS
819507;ACHOC TODDY ORIGINAL 370G;7.590;10.790;ENLATADOS
200128;PALMITO CONTE PUPUNHA PICADO 300GR;5.990;7.990;ENLATADOS
422069;BISC NINFA LEITE 370G;3.699;5.590;BISCOITOS
421895;BISC NINFA CREAM CRACKER 370G;3.770;5.450;BISCOITOS
12172;PAO DE MEL PANCO 500G;5.680;7.890;BISCOITOS
12204;BISC PANCO ROSQ COCO 500G;5.970;8.190;BISCOITOS
12207;BISC PANCO WIND SALG 500G;6.420;8.890;BISCOITOS
12210;BISC PANCO DELICIOSOS SALG 500G;6.620;9.190;BISCOITOS
12212;BISC PANCO ROSQ NATA 500G;6.280;9.090;BISCOITOS
12214;BISC PANCO ROSQ BAUNILHA 500G;6.320;9.090;BISCOITOS
12295;BISC PARATI MAIZENA 370G;4.445;6.250;BISCOITOS
236025;WAF PANCO LIMAO 140G;2.570;3.750;BISCOITOS
633789;BISC NINFA AGUA E SAL 370G;3.770;5.450;BISCOITOS
633793;PIT STOP MARILAN PAO NA CHAPA 162G;3.290;4.490;BISCOITOS
633795;PIT STOP MARILAN ORIG 162G;3.292;4.490;BISCOITOS
633808;BISC PANCO ROSQ LEITE 500G;7.780;10.690;BISCOITOS
633809;BISC PANCO ROSQ CHOCO 500G;7.000;9.650;BISCOITOS
633817;PAO DE MEL CHOC PANCO 200GR;6.250;8.990;BISCOITOS
634102;BISC POLV SABORITO PALITO 80G;3.500;5.090;BISCOITOS
151212415;BISC PARATI SORT ORIGINAL 670G;7.114;9.890;BISCOITOS
3326021512;BISC RENATA MAIZENA 360G;4.300;6.250;BISCOITOS
33260544;BISC NINFA SORTIDO DOCE 600G;5.961;8.590;BISCOITOS
323200214;BISC RENATA AGUA E SAL 360G;3.901;5.990;BISCOITOS
665564948;BISC RENATA CREAM CRACKER 360G;3.950;5.990;BISCOITOS
878456648;BISC PASSATEMPO LEITE 150G;2.489;3.650;BISCOITOS
423820;BISC NINFA DUETTO 300G;3.769;5.490;BISCOITOS
036090;BISC VISCONTI RECH MORANGO 125G;1.640;2.350;BISCOITOS
036083;BISC VISCONTI RECH 125G;1.640;2.350;BISCOITOS
78961112;BISC NINFA ROSCA LEITE 600G;5.961;8.590;BISCOITOS
422427;BISC NINFA ROSCA COCO 600G;5.961;8.590;BISCOITOS
423813;BISC NINFA PAO DE MEL 600G;6.355;9.200;BISCOITOS
424575;BISC NINFA AGUA E SAL 740G;7.713;10.990;BISCOITOS
241356;BISC PASSATEMPO CHOCO 130G;2.032;2.950;BISCOITOS
990701;BISC CLUB SOCIAL 144G;4.750;6.250;BISCOITOS
207113;BISC RENATA DIVERTIX BRIGAD 112G;0.890;1.990;BISCOITOS
207076;BISC RENATA TWITTER CHOCO/BAUN 112G;1.250;1.990;BISCOITOS
056146;BISC CREAM CRACKER PANCO 400G;5.720;8.390;BISCOITOS
086206;WAFER ISABELA CHOCO SUICO 100G;1.594;2.450;BISCOITOS
730210;WAFER ISABELA CHOC BRANCO 100G;1.590;2.450;BISCOITOS
290699;ROSQUINHA GIRASSOL COCO 700GR;9.920;10.990;BISCOITOS
290705;ROSQUINHA GIRASSOL LEITE 700GR;9.920;10.990;BISCOITOS
290989;BISC DOCE SORTIDO GIRASSOL 600G;7.482;10.990;BISCOITOS
086428;BISC TORTINHAS ISABELA CHOCO SUICO 140GR;0.199;2.890;BISCOITOS
056678;BISC BAUDUCCO BISCUIT CHOCO MEIO AMAR 80GR;5.490;7.950;BISCOITOS
302212;WAF ITAMARATY MGO 110G;1.694;2.490;BISCOITOS
339119;WAF ITAMARATY LIMAO 110G;1.694;2.490;BISCOITOS
200492;BISC ARCOR TORT RECH MGO 130G;2.080;2.990;BISCOITOS
426944;BISC NINFA ROSCA CALDA CHOCO 250G;3.690;5.590;BISCOITOS
070179;PAO DE MEL BAUDUCCO 80G;2.890;4.200;BISCOITOS
008919;BATATA PALHA YOKI 140G;3.829;6.150;BOMBONIERE E DOCES
807283;CHOCO LACTA BIS LAKA 126G;3.250;6.950;BOMBONIERE E DOCES
13316;BOMBOM SONHO VALSA 1KG;24.800;44.950;BOMBONIERE E DOCES
859173;BOMBOM BONOBON  BRIGADEIRO 750G;30.750;45.950;BOMBONIERE E DOCES
304228;TRIDENT 8G;1.749;2.850;BOMBONIERE E DOCES
111125;DIGOS CENTENARIO DIZIOLI 100G;6.050;11.300;BOMBONIERE E DOCES
20221;BOMBOM OURO BRANCO 1KG;24.800;44.950;BOMBONIERE E DOCES
633565;PACOCA TABLETE YOKI 352G;17.810;27.650;BOMBONIERE E DOCES
634513;MILIOPA QUEIJO 200G;4.250;6.190;BOMBONIERE E DOCES
634518;BATATA PALHA ROMANHA 400G -;14.240;20.650;BOMBONIERE E DOCES
450057;MARSH TORCAO FINI 250G;6.230;10.790;BOMBONIERE E DOCES
851392;CHOCO LACTA LAKA OREO 165G;7.890;11.490;BOMBONIERE E DOCES
807399;CHOCO LACTA BIS AO LEITE 126G;2.990;6.990;BOMBONIERE E DOCES
453793;MARSH TORCAO AZUL FINI 250G;6.230;10.790;BOMBONIERE E DOCES
859180;BOMBOM BONOBON BEIJINHO 750G;31.400;49.000;BOMBONIERE E DOCES
901556;BATATA PALHA ROMANHA 120G -;6.130;8.890;BOMBONIERE E DOCES
006631;PACOQUITA STA HELENA C/25UN;17.160;24.750;BOMBONIERE E DOCES
404963;BALA LOVEMANIA HORTELA RECH JELLY 600G;5.890;9.750;BOMBONIERE E DOCES
404956;BALA LOVEMANIA CEREJA RECH JELLY 600G;5.890;9.750;BOMBONIERE E DOCES
404826;BALA NAKINHO SORTIDOS 600G;7.300;11.800;BOMBONIERE E DOCES
405052;BALA LOVECANDY SORTIDA 600G;7.690;11.800;BOMBONIERE E DOCES
011995;PIRULITO ARCOR 7BELO FRAMBO 600G;2.750;13.990;BOMBONIERE E DOCES
604358;PIRULITO SIMONETTO CHAMBY MACA 432G;5.497;11.900;BOMBONIERE E DOCES
604341;PIRULITO SIMONETTO CHAMBY MORANGO 432G;4.948;11.900;BOMBONIERE E DOCES
604327;PIRULITO SIMONETTO CHAMBY UVA 432G;3.799;11.900;BOMBONIERE E DOCES
604334;PIRULITO SIMONETTO CHAMBY CEREJA 432G;5.497;11.900;BOMBONIERE E DOCES
602972;BALA SIMONETTO GIG FTAS SORT 600G;5.828;9.100;BOMBONIERE E DOCES
991371;CHOCO LACTA SHOT 90G;3.890;6.290;BOMBONIERE E DOCES
454844;MARSH TORCAO ROSA FINI 250G;6.230;10.790;BOMBONIERE E DOCES
604303;BALA SIMONETTO AZEDINHA 600G;5.846;9.100;BOMBONIERE E DOCES
012830;PACOQUITA STA HELENA 432G;13.110;17.290;BOMBONIERE E DOCES
166330;CHOCO GAROTO NEGRESCO 90G;3.644;4.950;BOMBONIERE E DOCES
603092;PIRULITO SIMONETTO CHAMBY POP NAPOLITANO 432G;4.472;11.900;BOMBONIERE E DOCES
601449;PIRULITO SIMONETTO PIRU CREAM SORT 500G;7.352;11.900;BOMBONIERE E DOCES
295304;BOMBOM NESTLE ESPECIALIDADES 251G;7.990;13.650;BOMBONIERE E DOCES
459429;MARSH FINI FLOR 250G;6.230;11.290;BOMBONIERE E DOCES
114003;BOMBOM GAROTO SORTIDO 250G;7.690;13.490;BOMBONIERE E DOCES
114812;CHOCO GAROTO AMENDOIM 90G;3.278;4.950;BOMBONIERE E DOCES
709523;CHOCO LACTA SHOT LEITE 165G;7.890;11.490;BOMBONIERE E DOCES
019854;BALA PIETROBON ALGODAO DOCE 600G;7.058;11.490;BOMBONIERE E DOCES
020560;BALA PIETROBON GOOD SMILE TUTTI FRUT 600G;7.058;11.490;BOMBONIERE E DOCES
021130;BALA PIETROBON YOGURTE SORTIDA 600G;7.058;12.490;BOMBONIERE E DOCES
021116;PIRULITO BOLA PIETROBON SHOWPOP SORT 200G;3.240;5.750;BOMBONIERE E DOCES
021109;PIRULITO BOLA PIETROBON SHOWPOP SORT 480G;7.418;12.290;BOMBONIERE E DOCES
116670;CHOCO GAROTO SERENATA 90GR;3.662;4.950;BOMBONIERE E DOCES
414417;DOCE LEITE TERRA VIVA 400G;4.140;5.790;BOMBONIERE E DOCES
120034;BALA CANELA PIETROBON 600G;5.717;8.990;BOMBONIERE E DOCES
020973;PIRULITO BOLA ALGODAO DOCE 200G;3.675;5.990;BOMBONIERE E DOCES
021079;PIRULITO BOLA ALGODAO DOCE 480G;7.856;12.590;BOMBONIERE E DOCES
842428;PACOCA DADINHO ROLHA FP162G;7.217;8.990;BOMBONIERE E DOCES
025855;BALA 7BELO FRAMBOESA 500G;10.900;16.950;BOMBONIERE E DOCES
025886;PIRULITO 7BELO FRAMBOESA 500G;11.490;18.290;BOMBONIERE E DOCES
020904;PIRULITO BOLA PIETROBON SHOWPOP MGO 200G;3.675;5.990;BOMBONIERE E DOCES
10018;SAZON CARNES/LEGU/ARROZ VERM 60G;3.990;5.850;TEMPEROS
10662;SABOR AMI ALHO SAL 300G;3.900;5.690;TEMPEROS
10663;SABOR AMI COMPLETO C/PIMENTA 300G;3.900;5.690;TEMPEROS
11551;MOLHO INGLES ZAELI 150ML;4.110;6.250;TEMPEROS
11568;MOLHO PIMENTA ZAELI PICANTE 150ML;3.992;5.790;TEMPEROS
902957;ALHO DESIDRAT ZAELI FLOCOS 60G;3.228;5.400;TEMPEROS
538500;CREME CEBOLA MAGGI 68G;4.015;6.250;TEMPEROS
902803;PIMENTA REINO MOIDA ZAELI 30G;3.055;4.990;TEMPEROS
120215415;AMAC DE CARNES KODILLAR 100G;4.690;8.290;TEMPEROS
631988;MAIONESE SUAVIT  500G;3.133;5.250;TEMPEROS
630860;MOLHO PRONTO QUERO SC 300G;1.230;1.990;TEMPEROS
633659;SALSA DESIDRAT ZAELI 8G;1.125;2.100;TEMPEROS
633975;TEMP CEARENSE COMPLETO 800G;3.200;5.890;TEMPEROS
633976;TEMP CEARENSE ALHO E SAL 800G;3.400;5.890;TEMPEROS
635081;MOLHO TOMATE FUGINI UP 300GR;1.065;1.850;TEMPEROS
7896292306424;MOLHO PREDILECTA HOT DOG 340G;1.538;2.490;TEMPEROS
096673;EXT ELEFANTE LT 850G;9.254;15.700;TEMPEROS
7898226870155;TEMP CEARENSE S/PIMENTA 800G;3.400;5.890;TEMPEROS
166152401;ALHO PICADO CEARENSE 200G;4.000;5.990;TEMPEROS
241021;TEMP DO OSMAR COMPLETO SAL,ALHO,PIM,OREGANO,CO 1KG;3.900;6.690;TEMPEROS
206178;MOLHO PENEIRADO TRAD FUGINI 340G;1.192;1.850;TEMPEROS
32626115154;SAL GROSSO ITACHURRA 1KG;1.500;2.190;TEMPEROS
019076;SABOR AMI COMPLETO C PIMENTA 1KG;12.600;19.350;TEMPEROS
241007;TEMP DO OSMAR SAL E ALHO 1KG;3.900;6.690;TEMPEROS
205577;MAIONESE TRAD FUGINI SACHE BICO 340G;1.907;3.190;TEMPEROS
029002;MAIONESE HELLMANNS SACHE 1KG;15.000;22.450;TEMPEROS
251539;CALDO MAGGI GALINHA 114G;3.074;4.850;TEMPEROS
249871;CALDO MAGGI COSTELA 57G;1.810;2.850;TEMPEROS
206550;MOLHO TOM FUGINI PREMIUM 340G;1.891;2.950;TEMPEROS
097830;EXT TOMATE ELEFANTE SC 1,02KG;10.504;15.200;TEMPEROS
101153;AZEITE LA ESPANH EXTRA VIRGEM 500ML;22.790;29.990;TEMPEROS
097823;EXT TOMATE ELEFANTE POUCH 2KG;14.150;20.590;TEMPEROS
098639;EXT TOMATE ELEFANTE POTE 340G;95.760;4.950;TEMPEROS
313804;MOLHO TOM SOFRUTA POUCH 340G;0.950;1.390;TEMPEROS
240024;ALHO MOIDO DO OSMAR PT 200G;4.500;5.790;TEMPEROS
802490;MOLHO TOM MAMMADORO TRAD SC 340GR;0.955;1.650;TEMPEROS
501872;MOLHO TOM QUERO TRAD SCH 300G;1.590;1.990;TEMPEROS
099988;MOLHO POMAROLA TOM TRAD SC 300G;2.650;3.850;TEMPEROS
100809;EXT TOMATE ELEFANTE TP 275G;4.250;6.100;TEMPEROS
000717;EXTR TOMATE ELEFANTE PT 300G;5.390;6.890;TEMPEROS
000724;EXT TOMATE ELEFANTE SO TOMATE PT 300G;5.390;6.890;TEMPEROS
099544;MOLHO TOM TARANTELLA TRAD  SC 300G;1.694;2.850;TEMPEROS
791346;MANDIOCA;5.500;5.800;HORTIFRUT
8981;MELANCIA UN;23.000;31.000;HORTIFRUT
200076;MANDIOCA SALSA BJA;5.000;7.500;HORTIFRUT
000517;BANANA CATURRA;3.500;4.200;HORTIFRUT
000012;CHUCHU KG;2.750;8.990;HORTIFRUT
12154545;LARANJA -;2.000;4.490;HORTIFRUT
2111505154;PESSEGO NACIONAL BJ 500G;3.000;10.800;HORTIFRUT
000126;OVOS DUZIA;8.400;10.990;HORTIFRUT
000132;UVA ITALIA RUBI;10.800;19.990;HORTIFRUT
000133;MAMAO FORMOSA KG;5.200;7.800;HORTIFRUT
000142;PIMENTAO VERDE;7.500;11.200;HORTIFRUT
000144;LIMAO KG;3.750;5.700;HORTIFRUT
000148;CHEIRO VERDE;20.000;29.000;HORTIFRUT
000149;TOMATE KG;6.000;13.990;HORTIFRUT
000150;CENOURA KG;6.000;10.800;HORTIFRUT
000154;REPOLHO KG;4.500;5.400;HORTIFRUT
000159;CEBOLA KG;4.500;9.690;HORTIFRUT
000160;BATATA ESPECIAL;6.000;8.290;HORTIFRUT
000162;ALFACE;1.500;4.500;HORTIFRUT
3262214;MACA NACIONAL;8.889;13.990;HORTIFRUT
7894;MANGA KG;6.750;8.990;HORTIFRUT
7349;OVOS BRANCO DZ;8.400;10.990;HORTIFRUT
0154545787;AMEIXA BENASSI 600G;75.000;8.250;HORTIFRUT
4242;AMEIXA KG;10.000;16.500;HORTIFRUT
456495;CHEIRO VERDE MACO;3.000;4.500;HORTIFRUT
002638;OVOS VERMELHO DZ;8.000;11.990;HORTIFRUT
900011;ESPETINHO ARCO IRIS BAMBU 25CM;2.990;4.750;PAPELARIA E LIVRARIA
003018;CORANTE BOLO LIQ AZUL 10ML;3.506;5.590;PAPELARIA E LIVRARIA
002868;CORANTE BOLO LIQ AMARELO 10ML;3.506;5.590;PAPELARIA E LIVRARIA
002882;CORANTE BOLO LIQ VERMELHO 10ML;3.506;5.590;PAPELARIA E LIVRARIA
059507;GARFO S/MESA PRAFESTA PLAST BIO 50UN;4.290;6.290;PAPELARIA E LIVRARIA
318983;PRATO DESC FONPLAST RASO BCO 15CM C/10UN;1.296;1.950;PAPELARIA E LIVRARIA
632434;FERMENTO PO ROYAL 100G;2.492;3.890;PANIFICADORA
633435;MIST P/BOLO RENATA CHOCO 400G;3.790;5.950;PANIFICADORA
633818;BEBEZINHO PANCO MORANGO 210G;7.220;10.490;PANIFICADORA
634471;BEBEZINHO PANCO CHOCO 210G;7.220;10.490;PANIFICADORA
634497;BISNAGUINHA PANCO 300G;5.750;7.990;PANIFICADORA
634499;PAO FORMA PANCO PREMIUM 500G;6.350;8.890;PANIFICADORA
634503;PAO LEITE FATIADO PANUTRI 450G;5.550;7.750;PANIFICADORA
7898904874017;PAO PANUTRI FORMA FATIADO 450G;5.550;7.750;PANIFICADORA
225105487;MIST P/BOLO RENATA BRIGADEIRO 400G;3.790;5.950;PANIFICADORA
063342;BOLO PANCO GOTAS CHOCO 300G;6.930;9.990;PANIFICADORA
203456;PANETTONE DI LUCCA CHOCO 400G;107.820;6.990;PANIFICADORA
063359;BOLO PANCO FORMIGUEIRO 300G;6.930;9.990;PANIFICADORA
051338;PAO VISCONTI TRADICIONAL 400G;4.890;6.890;PANIFICADORA
057613;PAO TRAD BAUDUCCO 400G;5.390;7.590;PANIFICADORA
201032;PANETTONE VENEZA TRUFADO CHOCO LUXO 500G;7.050;9.790;PANIFICADORA
010074;PAO DE FORMA SEVEN BOYS 450G;2.075;5.990;PANIFICADORA
000015;MINI PANETTONE BAUDUCCO 80G;5.390;7.890;PANIFICADORA
010081;PAO DE LEITE SEVEN BOYS 450G;3.780;5.290;PANIFICADORA
205658;PANETTONE CASA DORO CHOCO 400GR;8.790;11.490;PANIFICADORA
205665;PANETTONE CASA DORO FRUTAS 400G;8.790;11.490;PANIFICADORA
100487;PANETONE LA DIORE 400G;7.490;7.990;PANIFICADORA
009025;PANETTONE PARATI CHOCO 400G;16.158;19.950;PANIFICADORA
300488;FAROFA MANDIOCA YOKI 500G;4.463;7.990;FARINACEOS
44546487;FARINHA MANDIOCA PINDUCA BRANCA 1KG;6.690;9.750;FARINACEOS
16378;MASSA PASTEL ROMANHA 400G;5.200;7.550;MASSAS
633335;LASANHA RENATA CART IMPORT 200G;6.401;9.350;MASSAS
003452;PRATO LAMINADO RED N5;0.837;1.490;CARTELADOS
12738;COCO RAL SOCOCO 100G;5.130;7.250;CONFEITOS
12763;LEITE DE COCO SOCOCO VD 200ML;5.430;7.850;CONFEITOS
12768;LEITE COND FRIMESA 395G;3.555;5.990;CONFEITOS
3322055;COCO RAL APTI ADOCADO 100G;2.974;4.650;CONFEITOS
632841;LEITE COND PIRACANJUBA 395G;4.543;6.990;CONFEITOS
014494;LEITE DE COCO MENINA VD 200ML;2.720;3.950;CONFEITOS
55655487;COCO FLOCOS DUCOCO 100G;4.790;7.390;CONFEITOS
1212414;LEITE COND ITALAC 395G;2.990;5.990;CONFEITOS
2221254;SWEET FLOCO SOCOCO 100G;6.095;8.690;CONFEITOS
33232313;AROMA BAUNILHA ARTIF KODILAR 30ML;2.990;4.750;CONFEITOS
2255554;AROMA BAUNILHA DR OETKER 30ML;6.840;10.590;CONFEITOS
305553;LEITE COND MOCA TP 340G;4.696;6.590;CONFEITOS
322789;LEITE COND MOCA  LT 405G;5.090;7.250;CONFEITOS
599473;GRANULADO DORI CHOCO 120G;3.090;4.550;CONFEITOS
000049;CARNE S  PALETA C/PELE;4.500;13.790;CARNE SUINA
000050;CARNE S  PERNIL C/PELE;4.570;13.790;CARNE SUINA
000055;COSTELA SUINA S/PELE;17.800;21.990;CARNE SUINA
432600;COSTELINHA SUINA CONG;13.980;23.200;CARNE SUINA
000063;CARNE S  PANCETA;14.990;21.900;CARNE SUINA
515278;CALABRESA FRIMESA;17.000;25.900;EMBUTIDOS
000070;SALSICHA PERDIGAO;35.120;14.450;EMBUTIDOS
000076;LINGUICA TOSCANA FRIMESA;14.700;20.950;EMBUTIDOS
000077;LINGUICA TOSCANA PERDIGAO;14.640;19.200;EMBUTIDOS
000080;BACON SADIA;17.985;31.000;EMBUTIDOS
000082;MORTADELA OURO PERD BOLOGNA;21.170;28.900;EMBUTIDOS
000087;PRESUNTO PERDIGAO;19.878;31.900;EMBUTIDOS
000088;PRESUNTO SADIA;18.186;31.900;EMBUTIDOS
2232312;BACON ALEGRA FATIADO;16.500;42.000;EMBUTIDOS
015451;SALSICHAO MANA;5.100;5.900;EMBUTIDOS
86219;LINGUICA TOSCANA ALEGRA;11.800;18.990;EMBUTIDOS
863;APRESUNTADO ALEGRA;14.290;22.000;EMBUTIDOS
005550;MORTADELA SEARA DEFUMADA;15.980;24.000;EMBUTIDOS
842212;LINGUICA TOSCANA SEARA;11.980;17.400;EMBUTIDOS
634897;COXINHA DA ASA SADIA PCT 1KG;11.300;16.400;CARNE DE AVES
7898228062114;FILE PEITO PIONEIRO S/OSSO S/PELE BJ 1KG;15.700;22.800;CARNE DE AVES
7898228062077;COXA SOBRECOXA PIONEIRO BAND 1KG;8.400;12.300;CARNE DE AVES
332202144;PEITO DE FRANGO C/OSSO;7.500;13.900;CARNE DE AVES
1221241;COXINHA DAS ASAS;10.000;14.900;CARNE DE AVES
015190;FRANGO ROSAVES;7.300;9.490;CARNE DE AVES
060141;FILEZINHO PIONEIRO SASSAMI 1KG;13.000;18.900;CARNE DE AVES
068949;FILE PEITO PIONEIRO S/OSSO S/PELE PCT 1KG;16.750;24.300;CARNE DE AVES
069007;COXINHA DAS ASAS PIONEIRO 750G;8.887;11.950;CARNE DE AVES
257885;COXINHA DAS ASAS JAGUA IQF 1KG;10.800;14.400;CARNE DE AVES
10833;ARROZ ZAELI AGULHINHA T1 1KG;7.368;8.790;CESTA BÁSICA
10875;FARINHA TRIGO ANACONDA 1KG;3.621;4.990;CESTA BÁSICA
10897;ACUCAR ALTO ALEGRE REFINADO 1KG;4.390;5.990;CESTA BÁSICA
10899;ACUCAR UNIAO REFINADO 1KG;4.850;6.790;CESTA BÁSICA
10919;OLEO SOJA LIZA 900ML;5.370;6.450;CESTA BÁSICA
11053;CAFE MELITTA TRAD 500G;13.990;16.890;CESTA BÁSICA
11073;CAFE DAMASCO CLASSICO VC 500G;11.990;15.590;CESTA BÁSICA
11192;MAC GALO SEMO ESPAG 8 500G;3.390;4.750;CESTA BÁSICA
11272;FUBA ZAELI FINO 1KG;4.282;6.590;CESTA BÁSICA
830524;MAC ORSI SEMO ESPAG 8 500G;3.260;4.590;CESTA BÁSICA
810045;MAC ORSI  ESPAG FURADINHO N 4 1KG;5.670;7.690;CESTA BÁSICA
021020;SARDINHA GOM COSTA MOLHO TOMATE 125G;4.391;5.850;CESTA BÁSICA
700119;ARROZ KIARROZ BRANCO 5KG;19.750;23.690;CESTA BÁSICA
13093;ADOCANTE ZERO CAL 100ML;4.190;6.650;CESTA BÁSICA
383005;MARG QUALY S/SAL 500G;6.535;8.590;CESTA BÁSICA
266899;FEIJAO EFRAIM PREMIUM 1KG;6.500;8.490;CESTA BÁSICA
600538;OLEO SOJA COAMO 900ML;6.990;6.990;CESTA BÁSICA
016215;CAFE CABOCLO EXTRA FORTE VACUO 500G;10.390;15.650;CESTA BÁSICA
906269;FUBA ZAELI PRE COZIDO 500G;3.578;5.250;CESTA BÁSICA
16644;MARG QUALY C/SAL 500G;6.166;8.590;CESTA BÁSICA
16651;MARG QUALY C/SAL 250G;4.003;5.290;CESTA BÁSICA
032325;ARROZ RAMPINELLI BRANCO T1 5KG;26.000;27.990;CESTA BÁSICA
359172;MAC PARATI SEMO ESPAG N 5 500G;2.605;4.150;CESTA BÁSICA
200073;CAFE JANDAIA VACUO 500G;12.500;14.990;CESTA BÁSICA
325151436;MAC RENATA C/OVOS CASEIRO TALHARIM 3 500G;4.500;5.790;CESTA BÁSICA
322999;MAC PARATI C/OVOS ESPAG  500G;2.805;4.090;CESTA BÁSICA
012555;ARROZ RAMPINELLI BRANCO T1 1KG;5.200;6.790;CESTA BÁSICA
110003;ARROZ RAMPINELLI PARBO TP1 1KG;4.367;6.990;CESTA BÁSICA
19832;CAFE CABOCLO VACUO 500G;12.490;15.650;CESTA BÁSICA
236587;FEIJAO EFRAIM PRETO 1KG;7.667;10.990;CESTA BÁSICA
19982;OLEO SOJA SOYA 900ML;2.945;8.690;CESTA BÁSICA
3302150111;FARINHA MILHO BIJU SAO LUIZ 1KG;3.800;5.290;CESTA BÁSICA
22176;OLEO SOJA COCAMAR 900ML -;5.104;5.990;CESTA BÁSICA
22201;ACUCAR CRISTAL CERTANO 5KG;16.900;19.490;CESTA BÁSICA
22294;ACUCAR CRISTAL CERTANO 2KG;6.900;8.950;CESTA BÁSICA
22305;FARINHA TRIGO ALVALADE 1KG;3.372;4.690;CESTA BÁSICA
60020;ARROZ REALENGO PARBO T1 5KG;28.817;28.990;CESTA BÁSICA
60022;ARROZ REALENGO BRANCO T1 5KG;29.317;29.890;CESTA BÁSICA
631373;SAL MOC REFINADO 1KG;1.790;2.590;CESTA BÁSICA
631431;SARDINHA GOM COSTA OLEO 125G;3.790;5.850;CESTA BÁSICA
632088;ACUCAR CONFEITEIRO APTI 500G;2.380;6.090;CESTA BÁSICA
185314;FEIJAO DU ROCHA 1KG;6.833;8.890;CESTA BÁSICA
633287;ARROZ DELLARROZ PARBO T1 5KG;15.000;17.990;CESTA BÁSICA
633289;ACUCAR DOCE GRAO 5 KG;16.500;19.200;CESTA BÁSICA
633290;FARINHA MILHO ALAMBARI 1KG;4.800;6.750;CESTA BÁSICA
633291;FARINHA MILHO CRISTIANA 1KG;4.000;5.590;CESTA BÁSICA
633293;FEIJAO EFRAIM TP1 1KG;8.000;6.290;CESTA BÁSICA
633294;ARROZ RAMPINELLI PARBO T1 5KG;25.500;26.990;CESTA BÁSICA
633301;MAC ORSI ESPAG N 2 1KG;5.670;7.990;CESTA BÁSICA
633302;MAC ORSI SEMO ESPAG 1KG;6.120;8.590;CESTA BÁSICA
633304;MAC ORSI ESPAG N3 1KG;5.670;7.690;CESTA BÁSICA
633310;MAC ORSI AVE MARIA MIUDA 1KG;5.670;7.690;CESTA BÁSICA
633331;MAC ORSI ESPAG C/OVOS BAMBINO 8 500G;3.260;4.590;CESTA BÁSICA
633550;ERVA MATE NATURAL 1KG;10.500;14.950;CESTA BÁSICA
30033212;ACUCAR REFIN CARAVELAS 1KG;1.890;4.790;CESTA BÁSICA
633903;CAFE CANCAO 500G -;10.500;12.690;CESTA BÁSICA
633907;CAFE PILAO TRAD VACUO 500G;11.990;15.590;CESTA BÁSICA
633909;CAFE JANDAIA 500G;12.500;14.990;CESTA BÁSICA
633958;VINAGRE CASTELO LIMAO 750ML;2.690;6.850;CESTA BÁSICA
635099;ARROZ PRATO FINO PARBO T1 5KG;22.900;27.490;CESTA BÁSICA
200051;VINAGRE CASTELO ALCOOL 750ML;1.850;2.790;CESTA BÁSICA
410315;MARG CLAYBOM 1KG;10.730;15.200;CESTA BÁSICA
3262215415;ARROZ ZAELI AGULHINHA T1 2KG;11.647;14.990;CESTA BÁSICA
4554847;LEITE PO CCGL INTEGRAL 400G;9.900;13.890;CESTA BÁSICA
1130515454;FUBA ZAELI MIMOSO 500G;2.449;3.600;CESTA BÁSICA
013405;CAFE PILAO EXT FORTE VC 500G;11.990;15.590;CESTA BÁSICA
23212221;OLEO SOJA CONCORDIA 900ML;7.890;10.990;CESTA BÁSICA
22621205;MARG QUALY CREM S/SAL 250G;4.518;5.790;CESTA BÁSICA
4554545;MARG CLAYBOM C/SAL 500G;3.912;8.790;CESTA BÁSICA
710052;ARROZ DELLARROZ BCO 5KG;15.333;17.990;CESTA BÁSICA
215125154;VINAGRE CASTELO COLORIDO 750ML;1.850;2.490;CESTA BÁSICA
700140;ARROZ BRANCO KIARROZ 1KG;3.950;5.100;CESTA BÁSICA
32005154;ALHO A GRANEL 100G;10.000;3.890;CESTA BÁSICA
12151555;MARG CLAYBOM S/SAL 500G;6.060;7.290;CESTA BÁSICA
571956;MARG DORIANA C/SAL 500G;4.590;6.890;CESTA BÁSICA
574780;MARG DORIANA C/SAL 250G;3.600;4.590;CESTA BÁSICA
300500;CAFE PELE VACUO EXT FORTE 500G;9.990;12.990;CESTA BÁSICA
800188;CAFE 3 CORACOES TRADICIONAL VAC 500G;11.990;15.590;CESTA BÁSICA
400213;ACUCAR REFINADO CERTANO 1KG;3.407;6.290;CESTA BÁSICA
400461;ERVA MATE NAT VACUO SUPREMA 1KG;9.500;13.790;CESTA BÁSICA
880012;FEIJAO DECOL 1KG;6.233;7.790;CESTA BÁSICA
900306;FEIJAO CALDO BOM PRETO 1KG;8.550;11.200;CESTA BÁSICA
900313;FEIJAO CALDO BOM CARIOCA 1KG;8.080;10.490;CESTA BÁSICA
422051;FARINHA TRIGO ANACONDA PREMIUM 5KG;20.590;27.790;CESTA BÁSICA
020037;CAFE COCAMAR TRAD VC 500G;11.108;13.990;CESTA BÁSICA
115278;CAFE DAMASCO EX FORTE VC 500G;11.990;15.590;CESTA BÁSICA
512523;AMIDO DE MILHO APTI 1KG;3.447;11.850;CESTA BÁSICA
903220;SAL MARINHO ZAELI 1KG;3.453;4.990;CESTA BÁSICA
410064;FUBA ALAMBARI MIMOSO 1KG;3.500;4.990;CESTA BÁSICA
910556;FEIJAO PRETO ZAELI 1KG;5.953;8.900;CESTA BÁSICA
205737;MAC TODESCHINI C/OVOS PARAFUSO 500G;2.790;3.990;CESTA BÁSICA
015167;FARINHA TRIGO HERANCA HOL TRAD 1KG;2.630;3.350;CESTA BÁSICA
200041;ACUCAR ALTO ALEGRE REFINADO 5KG;19.190;25.890;CESTA BÁSICA
900023;FUBA AMARELO CALDO BOM 1KG;3.420;5.350;CESTA BÁSICA
910018;SAL DIANA REFINADO 1KG;1.390;1.990;CESTA BÁSICA
310547;CAFE PELE VACUO TRAD 500G;9.990;12.990;CESTA BÁSICA
620098;SAL ITA REFINADO 1 KG;1.290;1.890;CESTA BÁSICA
080390;FARINHA DE TRIGO COCAMAR 1KG;2.620;3.590;CESTA BÁSICA
882071;ACUCAR CRISTAL DOCESUCAR 5KG;17.415;16.590;CESTA BÁSICA
200450;FUBA YOKI MIMOSO 500G;2.887;4.290;CESTA BÁSICA
602098;FEIJAO SOLITO PREMIUM 1KG;8.100;10.990;CESTA BÁSICA
015181;FARINHA DE TRIGO PRECISA 1KG;2.720;3.790;CESTA BÁSICA
900160;CAFE PRESIDENTE EXT FORTE VC 500GR;13.990;11.990;CESTA BÁSICA
100153;CAFE PRESIDENTE TRAD VC 500GR;9.996;12.990;CESTA BÁSICA
112376;CAFE BOM TAI EXTR FORTE VC 500G;12.700;13.990;CESTA BÁSICA
102471;CAFE IGUACU EXT FORTE VC 500G;11.990;15.390;CESTA BÁSICA
185338;FEIJAO GRAO BOM BRANCO 1KG;6.333;7.390;CESTA BÁSICA
080406;FARINHA TRIGO COCAMAR 5KG;17.010;22.200;CESTA BÁSICA
400238;ARROZ TIUQUINHO TP1 BCO 5KG;29.167;26.990;CESTA BÁSICA
